candidate_local_radius,candidate_sparse_review,candidate_tier,distance_km,dst,dst_local_degree,dst_rank,dst_sampling_sparse,marine_sample_count,marine_sample_hits,salishseacast_detour_ratio,salishseacast_dst_snap_km,salishseacast_route_found,salishseacast_src_snap_km,salishseacast_total_detour_ratio,salishseacast_total_route_proxy_km,salishseacast_water_route_km,sparse_review_requested_by,src,src_local_degree,src_rank,src_sampling_sparse,straight_marine_all,straight_marine_fraction,straight_marine_none,straight_marine_pattern,v0_edge_status,v0_primary
True,False,local_radius,14.173195691771301,128,4,4,False,5,0,7.637148756061089,1.1061515545622276,True,3.8067501100148102,7.9837820610276875,113.15570551139862,108.24280384682159,,108,6,4,False,False,0.0,True,00000,primary_local_curved_water_route_audited,True
True,False,local_radius,6.830659201403384,133,8,1,False,5,4,2.339516606564316,5.578784588862833,True,3.8067501100148102,3.713547197484348,25.36597533434221,15.980440635464564,,108,6,1,False,False,0.8,False,01111,primary_local_curved_water_route_audited,True
True,False,local_radius,14.215263041947653,153,6,5,False,5,2,1.571753264310105,0.5904815781501394,True,3.8067501100148102,1.8810849787630288,26.74011777737297,22.34288608920802,,108,6,5,False,False,0.4,False,00011,primary_local_curved_water_route_audited,True
True,False,local_radius,18.03720008589904,161,5,5,False,5,1,6.1021311750227545,0.4451683528862212,True,3.8067501100148102,6.33786168988382,114.31727941718867,110.06536095428764,,108,6,6,False,False,0.2,False,00010,primary_local_curved_water_route_audited,True
True,False,local_radius,11.231612536841793,553,5,2,False,5,2,1.8313138507742137,1.3605174503765254,True,3.8067501100148102,2.2913784713655785,25.735875165639015,20.568607605247678,,108,6,2,False,False,0.4,False,00101,primary_local_curved_water_route_audited,True
True,False,local_radius,13.709423590630731,97,5,3,False,5,2,1.4321208796700957,0.5818949757322156,True,3.8067501100148102,1.7522397421980802,24.02219685813107,19.633551772384045,,108,6,3,False,False,0.4,False,01001,primary_local_curved_water_route_audited,True
True,False,local_radius,11.727707349855446,133,8,3,False,5,0,9.203252904084959,5.578784588862833,True,1.1061515545622276,9.773265093509814,114.61799286924071,107.93305672581565,,128,4,3,False,False,0.0,True,00000,primary_local_curved_water_route_audited,True
True,False,local_radius,6.980284186576826,138,3,1,False,5,3,1.4298838187228367,1.0019197342202328,True,1.1061515545622276,1.7318874667743456,12.089066697255562,9.980995408473103,,128,4,1,False,False,0.6,False,01110,primary_local_curved_water_route_audited,True
True,False,local_radius,8.265616352930266,161,5,1,False,5,3,1.0768950383280267,0.4451683528862212,True,1.1061515545622276,1.264578550507791,10.45252114664205,8.901201239193602,,128,4,2,False,False,0.6,False,01110,primary_local_curved_water_route_audited,True
True,False,local_radius,18.56137543510937,138,3,3,False,5,1,6.129274924392736,1.0019197342202328,True,5.578784588862833,6.483812461014914,120.34847733973824,113.76777301665517,,133,8,7,False,False,0.2,False,00001,primary_local_curved_water_route_audited,True
True,False,local_radius,9.648379531347805,153,6,2,False,5,1,0.753498360837288,0.5904815781501394,True,5.578784588862833,1.3929079266580444,13.439304328619585,7.270038161606613,,133,8,2,False,False,0.2,False,00001,primary_local_curved_water_route_audited,True
True,False,local_radius,12.506338663724282,161,5,3,False,5,2,8.775998858213985,0.4451683528862212,True,5.578784588862833,9.257670841015958,115.77956677503077,109.75561383328171,,133,8,4,False,False,0.4,False,00110,primary_local_curved_water_route_audited,True
True,False,local_radius,17.84748613067476,173,4,4,False,5,1,2.0506761053485603,0.48080687157945445,True,5.578784588862833,2.390196832025443,42.65900480915685,36.59941334871456,,133,8,6,False,False,0.2,False,00001,primary_local_curved_water_route_audited,True
True,False,local_radius,13.70061324679611,553,5,4,False,5,0,1.4786827508600224,1.3605174503765254,True,5.578784588862833,1.9851784758497135,27.198162523481095,20.258860484241733,,133,8,5,False,False,0.0,True,00000,primary_local_curved_water_route_audited,True
True,False,local_radius,19.174920257071665,97,5,5,False,5,0,1.0077645378604132,0.5818949757322156,True,5.578784588862833,1.3290529438616325,25.48448421597315,19.3238046513781,,133,8,8,False,False,0.0,True,00000,primary_local_curved_water_route_audited,True
True,False,local_radius,10.812508896359398,161,5,2,False,5,4,1.1379032134639993,0.4451683528862212,True,1.0019197342202328,1.271737839726706,13.750676705881892,12.30358861877544,,138,3,2,False,False,0.8,False,01111,primary_local_curved_water_route_audited,True
True,False,local_radius,17.78642235989032,161,5,4,False,5,1,6.528466317592899,0.4451683528862212,True,0.5904815781501394,6.586693312886333,117.15370921806152,116.11805928702516,,153,6,6,False,False,0.2,False,00001,primary_local_curved_water_route_audited,True
True,False,local_radius,8.202569148522528,173,4,2,False,5,4,5.237610073692146,0.48080687157945445,True,0.5904815781501394,5.368214086938722,44.0331472521876,42.961858802458,,153,6,1,False,False,0.8,False,10111,primary_local_curved_water_route_audited,True
True,False,local_radius,11.791860401071393,177,2,2,False,5,1,4.222842977771425,0.7380053699511658,True,0.5904815781501394,4.335504330850249,51.12366183762657,49.79517488952526,,153,6,3,False,False,0.2,False,00100,primary_local_curved_water_route_audited,True
True,False,local_radius,12.767208132554,553,5,3,False,5,1,2.0851313506909794,1.3605174503765254,True,0.5904815781501394,2.2379446367493454,28.572304966511847,26.62130593798518,,153,6,4,False,False,0.2,False,10000,primary_local_curved_water_route_audited,True
True,False,local_radius,5.517033229552173,177,2,1,False,5,0,1.67999849344878,0.7380053699511658,True,0.48080687157945445,1.9009165468333442,10.48741975548513,9.268607513954509,,173,4,1,False,False,0.0,True,00000,primary_local_curved_water_route_audited,True
True,False,local_radius,16.745922700541264,553,5,5,False,5,4,1.049633288038058,1.3605174503765254,True,0.48080687157945445,1.1595898640287299,19.418402227356264,17.577077905400284,,173,4,3,False,False,0.8,False,11101,primary_local_curved_water_route_audited,True
True,False,local_radius,12.725116774388445,201,4,3,False,5,1,3.904498314941405,0.39874777891165647,True,1.3934084475216306,4.0453344469948505,51.47735322946558,49.68519700303229,,198,3,2,False,False,0.2,False,10000,primary_local_curved_water_route_audited,True
True,False,local_radius,10.719524742686849,204,5,2,False,5,1,3.415911044465283,0.24740786586166075,True,1.3934084475216306,3.568979053800557,38.25775927334617,36.61694295996288,,198,3,1,False,False,0.2,False,01000,primary_local_curved_water_route_audited,True
True,False,local_radius,15.648503627488047,207,4,4,False,5,1,1.501339441315537,0.1963194150224434,True,1.3934084475216306,1.6029292099213714,25.08344355606113,23.493715693517057,,198,3,3,False,False,0.2,False,00001,primary_local_curved_water_route_audited,True
True,False,local_radius,5.360463228879995,204,5,1,False,5,4,4.711650921621364,0.24740786586166075,True,0.39874777891165647,4.8321919303334635,25.902787157443175,25.25663151266986,,201,4,1,False,False,0.8,False,01111,primary_local_curved_water_route_audited,True
True,False,local_radius,17.05854200746451,306,3,3,False,5,3,1.1777611969260244,0.9919960025963054,True,0.39874777891165647,1.2592889019842526,21.48163263403223,20.09088885252427,,201,4,4,False,False,0.6,False,01110,primary_local_curved_water_route_audited,True
True,False,local_radius,9.850878486106787,590,7,1,False,5,5,1.4729308004235135,0.37533048396024554,True,0.39874777891165647,1.5515104178620625,15.283740596287942,14.509662333416038,,201,4,2,False,True,1.0,False,11111,primary_local_curved_water_route_audited,True
True,False,local_radius,19.77897042150101,311,3,3,False,5,3,4.233803491985617,0.3465648709145329,True,0.24740786586166075,4.263834010466524,84.3342467752074,83.74027403843121,,204,5,5,False,False,0.6,False,10110,primary_local_curved_water_route_audited,True
True,False,local_radius,19.48348023650528,508,6,6,False,5,4,4.049451729796451,0.49394862004530193,True,0.24740786586166075,4.08750224628056,79.63876923207823,78.89741274617127,,204,5,4,False,False,0.8,False,11110,primary_local_curved_water_route_audited,True
True,False,local_radius,12.011784360315517,590,7,3,False,5,4,1.2570548908272094,0.37533048396024554,True,0.24740786586166075,1.3088988409966202,15.72221062751831,15.099472277696403,,204,5,3,False,False,0.8,False,11011,primary_local_curved_water_route_audited,True
True,False,local_radius,9.815517650470062,214,3,3,False,5,0,1.2050568625670468,1.8636697419018344,True,0.1963194150224434,1.4149275214849315,13.888246061271202,11.828256904346924,,207,4,1,False,False,0.0,True,00000,primary_local_curved_water_route_audited,True
True,False,local_radius,11.621493662024877,383,3,3,False,5,3,1.1100887416976288,0.1415152764966486,True,0.1963194150224434,1.1391585584822836,13.238723967443255,12.900889275924163,,207,4,2,False,False,0.6,False,00111,primary_local_curved_water_route_audited,True
True,False,local_radius,11.710920591171364,384,3,3,False,5,3,1.2202616673179105,0.6495512902964934,True,0.1963194150224434,1.292490891206306,15.136258191729357,14.29038748641042,,207,4,3,False,False,0.6,False,00111,primary_local_curved_water_route_audited,True
True,False,local_radius,3.0659845357700686,383,3,2,False,5,5,0.6388731618001555,0.1415152764966486,True,1.8636697419018344,1.2928833157994648,3.963960252796289,1.9587752343978058,,214,3,2,False,True,1.0,False,11111,primary_local_curved_water_route_audited,True
True,False,local_radius,2.6231018360750444,384,3,2,False,5,5,1.2765622217729273,0.6495512902964934,True,1.8636697419018344,2.2346725770913727,5.8617737399949315,3.3485527077966037,,214,3,1,False,True,1.0,False,11111,primary_local_curved_water_route_audited,True
True,True,local_radius+sampling_isolation_review,3.82908011014124,3,2,1,False,5,5,0.8763180078872299,0.44713750726093704,True,0.3988921858693465,1.0972665565711792,4.20152154728987,3.3554918541595864,250,250,1,1,True,True,1.0,False,11111,primary_local_curved_water_route_audited,True
True,False,local_radius,17.80046338419563,3,2,2,False,5,4,1.2365471700099708,0.44713750726093704,True,0.37690143084606026,1.2828402872351456,22.835151560700215,22.011112622593217,,277,2,1,False,False,0.8,False,11110,primary_local_curved_water_route_audited,True
True,False,local_radius,18.25195396380955,581,3,3,False,5,2,1.242649780227353,0.5154297249035401,True,0.37690143084606026,1.2915394036352874,23.573117737597308,22.680786581847705,,277,2,2,False,False,0.4,False,00110,primary_local_curved_water_route_audited,True
True,False,local_radius,15.28485061447616,552,5,5,False,5,2,2.8923371716952695,0.45854499422713446,True,0.9919960025963054,2.987237739153197,45.659482592882114,44.20894159605868,,306,3,2,False,False,0.4,False,00011,primary_local_curved_water_route_audited,True
True,False,local_radius,12.951506288817367,590,7,5,False,5,1,1.5671662546659313,0.37533048396024554,True,0.9919960025963054,1.67273903176732,21.66449008948472,20.29716360292817,,306,3,1,False,False,0.2,False,01000,primary_local_curved_water_route_audited,True
True,False,local_radius,10.656923019568431,508,6,1,False,5,1,1.2082738625720328,0.49394862004530193,True,0.3465648709145329,1.287144047654206,13.716995030946594,12.87648153998676,,311,3,1,False,False,0.2,False,10000,primary_local_curved_water_route_audited,True
True,False,local_radius,19.292359153815134,590,7,6,False,5,3,4.370644706138309,0.37533048396024554,True,0.3465648709145329,4.408063424560416,85.04194275941585,84.32004740454107,,311,3,2,False,False,0.6,False,00111,primary_local_curved_water_route_audited,True
True,False,local_radius,1.5747710172094473,323,10,1,False,5,5,0.7444094504498767,0.4387916761347569,True,0.14113902174774853,1.1126729576803847,1.7522051253877837,1.172274427505278,,322,9,1,False,True,1.0,False,11111,primary_local_curved_water_route_audited,True
True,False,local_radius,9.713549631035072,341,10,8,False,5,3,3.358369590607651,0.53616900742024,True,0.14113902174774853,3.4280977594949515,33.29899772689434,32.62168969772635,,322,9,6,False,False,0.6,False,11001,primary_local_curved_water_route_audited,True
True,False,local_radius,7.873846039111908,378,9,6,False,5,1,4.634007059441343,5.661662009319996,True,0.14113902174774853,5.370978674360327,42.29025916126658,36.48745813019884,,322,9,3,False,False,0.2,False,00010,primary_local_curved_water_route_audited,True
True,False,local_radius,16.264382834769233,379,11,9,False,5,3,2.5359041624126877,3.9324037843351385,True,0.14113902174774853,2.7863620400626563,45.31845893584765,41.24491612976477,,322,9,8,False,False,0.6,False,00111,primary_local_curved_water_route_audited,True
True,False,local_radius,7.9801893170903275,380,10,7,False,5,3,4.107937510120055,2.1677358261186956,True,0.14113902174774853,4.397263333872353,35.09099388140115,32.782119033534705,,322,9,4,False,False,0.6,False,11100,primary_local_curved_water_route_audited,True
True,False,local_radius,11.775729156280487,382,9,8,False,5,2,3.0985306851031433,2.8632142941377037,True,0.14113902174774853,3.3536616647659274,39.49181144608429,36.48745813019884,,322,9,7,False,False,0.4,False,00011,primary_local_curved_water_route_audited,True
True,False,local_radius,6.4756330558549635,527,9,7,False,5,0,0.7828902891097025,3.4079331740550325,True,0.14113902174774853,1.3309559631821202,8.61878243106942,5.069710235266639,,322,9,2,False,False,0.0,True,00000,primary_local_curved_water_route_audited,True
True,False,local_radius,9.539950077554757,528,9,8,False,5,0,3.824701160234076,4.382305623740958,True,0.14113902174774853,4.2988592647016555,41.01090277568754,36.48745813019884,,322,9,5,False,False,0.0,True,00000,primary_local_curved_water_route_audited,True
True,False,local_radius,19.117966412408567,541,12,11,False,5,2,1.4480349712689626,0.7635804326952143,True,0.14113902174774853,1.495357967602702,28.588203399155994,27.683483944713032,,322,9,9,False,False,0.4,False,10001,primary_local_curved_water_route_audited,True
True,False,local_radius,19.876249438624725,330,7,7,False,5,3,1.106818034606861,0.4688669990998713,True,0.4387916761347569,1.1524835248713776,22.907050014248966,21.99939133901434,,323,10,10,False,False,0.6,False,00111,primary_local_curved_water_route_audited,True
True,False,local_radius,8.140893807967178,341,10,4,False,5,4,4.003709995692381,0.53616900742024,True,0.4387916761347569,4.1234708851663155,33.5687385963834,32.5937779128284,,323,10,5,False,False,0.8,False,11011,primary_local_curved_water_route_audited,True
True,False,local_radius,7.142518870388333,378,9,4,False,5,0,5.104578231701418,5.661662009319996,True,0.4387916761347569,5.958682196445031,42.56000003075564,36.459546345300886,,323,10,4,False,False,0.0,True,00000,primary_local_curved_water_route_audited,True
True,False,local_radius,14.816005079483135,379,11,8,False,5,3,2.7819242855108883,3.9324037843351385,True,0.4387916761347569,3.0769562753772406,45.58819980533671,41.217004344866815,,323,10,8,False,False,0.6,False,00111,primary_local_curved_water_route_audited,True
True,False,local_radius,6.407148446786976,380,10,3,False,5,3,5.112134910041325,2.1677358261186956,True,0.4387916761347569,5.518950441771445,35.3607347508902,32.75420724863675,,323,10,3,False,False,0.6,False,11001,primary_local_curved_water_route_audited,True
True,False,local_radius,10.506344398298609,382,9,7,False,5,3,3.47024092901477,2.8632142941377037,True,0.4387916761347569,3.7845277870400205,39.76155231557335,36.459546345300886,,323,10,7,False,False,0.6,False,00111,primary_local_curved_water_route_audited,True
True,False,local_radius,5.156305790130285,527,9,4,False,5,0,0.9251252850628126,3.4079331740550325,True,0.4387916761347569,1.6711486992584619,8.616953714155102,4.770228863965311,,323,10,2,False,False,0.0,True,00000,primary_local_curved_water_route_audited,True
True,False,local_radius,8.573488295640997,528,9,6,False,5,0,4.252591837541546,4.382305623740958,True,0.4387916761347569,4.814918061550844,41.280643645176596,36.459546345300886,,323,10,6,False,False,0.0,True,00000,primary_local_curved_water_route_audited,True
True,False,local_radius,17.711245913270254,541,12,8,False,5,1,1.5614696049753327,0.7635804326952143,True,0.4387916761347569,1.6293570994360744,28.85794426864505,27.65557215981508,,323,10,9,False,False,0.2,False,00001,primary_local_curved_water_route_audited,True
True,False,local_radius,18.241847849371055,341,10,10,False,5,2,1.1710069405542023,0.53616900742024,True,0.4688669990998713,1.226102017260193,22.366366446667367,21.361330440147256,,330,7,5,False,False,0.4,False,11000,primary_local_curved_water_route_audited,True
True,False,local_radius,14.67983640568886,349,5,3,False,5,3,1.3459262019844402,0.6837063783156928,True,0.4688669990998713,1.4244402497955526,20.910549836677287,19.757976459261723,,330,7,4,False,False,0.6,False,11001,primary_local_curved_water_route_audited,True
True,False,local_radius,18.32842719397434,380,10,10,False,5,3,1.1742284020437455,2.1677358261186956,True,0.4688669990998713,1.3180815978097944,24.158362601174183,21.521759775955616,,330,7,6,False,False,0.6,False,11100,primary_local_curved_water_route_audited,True
True,False,local_radius,11.400093199721947,536,3,2,False,5,2,2.0144875412608836,0.21907109754142956,True,0.4688669990998713,2.07483249498969,23.653283816694085,22.965345720052785,,330,7,2,False,False,0.4,False,10001,primary_local_curved_water_route_audited,True
True,False,local_radius,8.762335404347729,540,4,2,False,5,3,1.191132032800159,0.361546656796683,True,0.4688669990998713,1.2859028464675422,11.267512038154067,10.437098382257512,,330,7,1,False,False,0.6,False,00111,primary_local_curved_water_route_audited,True
True,False,local_radius,13.621221605687795,541,12,4,False,5,5,1.2053802961035407,0.7635804326952143,True,0.4688669990998713,1.2958602447801302,17.651199564150986,16.418752132355902,,330,7,3,False,True,1.0,False,11111,primary_local_curved_water_route_audited,True
True,False,local_radius,8.916395603493037,378,9,7,False,5,4,0.6992824594308715,5.661662009319996,True,0.53616900742024,1.3943874426947598,12.432910063609455,6.23507904686922,,341,10,7,False,False,0.8,False,01111,primary_local_curved_water_route_audited,True
True,False,local_radius,8.477040021617798,379,11,2,False,5,5,1.6004043419586047,3.9324037843351385,True,0.53616900742024,2.127542680383315,18.035264449309366,13.566691657553989,,341,10,6,False,True,1.0,False,11111,primary_local_curved_water_route_audited,True
True,False,local_radius,1.7340238274871256,380,10,1,False,5,5,0.2533238101781175,2.1677358261186956,True,0.53616900742024,1.8126477310364144,3.143174356457617,0.4392695229186814,,341,10,1,False,True,1.0,False,11111,primary_local_curved_water_route_audited,True
True,False,local_radius,7.0379565736868495,382,9,5,False,5,4,0.8859217844822478,2.8632142941377037,True,0.53616900742024,1.3689289280993857,9.634462348427164,6.23507904686922,,341,10,3,False,False,0.8,False,01111,primary_local_curved_water_route_audited,True
True,False,local_radius,5.417886272053032,527,9,6,False,5,1,6.213716143069745,3.4079331740550325,True,0.53616900742024,6.941694174247706,37.609309571447156,33.66520738997188,,341,10,2,False,False,0.2,False,00001,primary_local_curved_water_route_audited,True
True,False,local_radius,8.293926556529883,528,9,5,False,5,4,0.7517644392402157,4.382305623740958,True,0.53616900742024,1.344785681668368,11.153553678030418,6.23507904686922,,341,10,5,False,False,0.8,False,01111,primary_local_curved_water_route_audited,True
True,False,local_radius,10.85096791495865,541,12,1,False,5,4,1.1014239178817242,0.7635804326952143,True,0.53616900742024,1.221205807414701,13.251265033818093,11.95151559370264,,341,10,9,False,False,0.8,False,10111,primary_local_curved_water_route_audited,True
True,True,local_radius+sampling_isolation_review,15.178210575009743,533,1,1,True,5,3,1.5777330838990329,0.9744813957075448,True,0.6837063783156928,1.6869809933168516,25.605352752602276,23.947164978579035,533,349,5,4,False,False,0.6,False,01110,primary_local_curved_water_route_audited,True
True,False,local_radius,11.173678338626228,536,3,1,False,5,5,1.0431171354511266,0.21907109754142956,True,0.6837063783156928,1.123912147487254,12.558232816897217,11.655455341040096,,349,5,2,False,True,1.0,False,11111,primary_local_curved_water_route_audited,True
True,False,local_radius,7.519606150863181,540,4,1,False,5,2,1.2395433869810135,0.361546656796683,True,0.6837063783156928,1.378547081342372,10.366131112116586,9.32087807700421,,349,5,1,False,False,0.4,False,11000,primary_local_curved_water_route_audited,True
True,False,local_radius,18.708954342396144,541,12,9,False,5,3,1.3453198916964444,0.7635804326952143,True,0.6837063783156928,1.422677866093294,26.61681524067701,25.1695284296661,,349,5,5,False,False,0.6,False,11001,primary_local_curved_water_route_audited,True
True,False,local_radius,2.414642775727791,362,2,1,False,5,0,2.4608913500705696,0.40834271617978063,True,0.381053096947764,2.7878116800931396,6.731569333426456,5.942173520298911,,361,2,1,False,False,0.0,True,00000,primary_local_curved_water_route_audited,True
True,False,local_radius,16.61078359522103,379,11,10,False,5,4,0.8448949980483895,3.9324037843351385,True,0.381053096947764,1.1045731075461194,18.347824854549394,14.034367973266493,,361,2,2,False,False,0.8,False,11110,primary_local_curved_water_route_audited,True
True,False,local_radius,18.959895664163056,379,11,11,False,5,5,0.9081301058151194,3.9324037843351385,True,0.40834271617978063,1.1370736916556028,21.558798556254942,17.21805205574002,,362,2,2,False,True,1.0,False,11111,primary_local_curved_water_route_audited,True
True,False,local_radius,10.818630586633176,379,11,6,False,5,5,1.3990143961798163,3.9324037843351385,True,5.661662009319996,2.2858240267359204,24.72948573130624,15.135419937651106,,378,9,8,False,True,1.0,False,11111,primary_local_curved_water_route_audited,True
True,False,local_radius,7.871142217999112,380,10,6,False,5,3,0.8125948101803268,2.1677358261186956,True,5.661662009319996,1.8072913381550135,14.225447151976036,6.396049316537344,,378,9,5,False,False,0.6,False,11100,primary_local_curved_water_route_audited,True
True,False,local_radius,5.493819088628845,382,9,4,False,5,4,0.0,2.8632142941377037,True,5.661662009319996,1.5517213373666714,8.524876303457699,0.0,,378,9,3,False,False,0.8,False,11110,primary_local_curved_water_route_audited,True
True,False,local_radius,3.7332373609590266,527,9,1,False,5,2,10.053198388865125,3.4079331740550325,True,5.661662009319996,12.48261669433423,46.600571005819404,37.530975822444375,,378,9,2,False,False,0.4,False,00101,primary_local_curved_water_route_audited,True
True,False,local_radius,2.1334573872894387,528,9,1,False,5,1,0.0,4.382305623740958,True,5.661662009319996,4.707836065955755,10.043967633060955,0.0,,378,9,1,False,False,0.2,False,10000,primary_local_curved_water_route_audited,True
True,False,local_radius,19.73615505228067,541,12,12,False,5,5,0.8014369558951817,0.7635804326952143,True,5.661662009319996,1.1269939058175387,22.24252646819034,15.81728402617513,,378,9,9,False,True,1.0,False,11111,primary_local_curved_water_route_audited,True
True,False,local_radius,9.582345972626031,380,10,8,False,5,4,1.4325992785522497,2.1677358261186956,True,3.9324037843351385,2.0692011741506926,19.827801537675946,13.727661927222108,,379,11,4,False,False,0.8,False,11110,primary_local_curved_water_route_audited,True
True,False,local_radius,5.33446542016229,382,9,2,False,5,5,2.8372889775318186,2.8632142941377037,True,3.9324037843351385,4.111196959536527,21.93103801612395,15.135419937651106,,379,11,1,False,True,1.0,False,11111,primary_local_curved_water_route_audited,True
True,False,local_radius,9.870240794577441,527,9,8,False,5,5,4.284437908064302,3.4079331740550325,True,3.9324037843351385,5.028121584193341,49.628770780400465,42.2884338220103,,379,11,5,False,True,1.0,False,11111,primary_local_curved_water_route_audited,True
True,False,local_radius,8.795332202134682,528,9,7,False,5,3,1.7208468753434514,4.382305623740958,True,3.9324037843351385,2.6662016631999084,23.450129345727202,15.135419937651106,,379,11,3,False,False,0.6,False,11100,primary_local_curved_water_route_audited,True
True,False,local_radius,14.52277742275197,541,12,5,False,5,3,1.0884290267233632,0.7635804326952143,True,3.9324037843351385,1.4117820659067244,20.50299671259631,15.807012495565958,,379,11,7,False,False,0.6,False,11001,primary_local_curved_water_route_audited,True
True,False,local_radius,7.14121495333253,382,9,6,False,5,4,0.8956528207504179,2.8632142941377037,True,2.1677358261186956,1.6001478055861074,11.426999436793745,6.396049316537344,,380,10,4,False,False,0.8,False,01111,primary_local_curved_water_route_audited,True
True,False,local_radius,4.179782486808197,527,9,3,False,5,1,8.092678705778894,3.4079331740550325,True,2.1677358261186956,9.426640225970694,39.40130572595397,33.82563672578024,,380,10,2,False,False,0.2,False,00001,primary_local_curved_water_route_audited,True
True,False,local_radius,7.634042363063378,528,9,4,False,5,4,0.8378325679045285,4.382305623740958,True,2.1677358261186956,1.69583690405433,12.946090766396999,6.396049316537344,,380,10,5,False,False,0.8,False,01111,primary_local_curved_water_route_audited,True
True,False,local_radius,12.197264196850512,541,12,3,False,5,4,0.993005048840252,0.7635804326952143,True,2.1677358261186956,1.2333307654522454,15.043261188324909,12.111944929510999,,380,10,9,False,False,0.8,False,10111,primary_local_curved_water_route_audited,True
True,False,local_radius,5.352089081193854,527,9,5,False,5,5,7.012397449496973,3.4079331740550325,True,2.8632142941377037,8.184117010411656,43.80212329063711,37.530975822444375,,382,9,3,False,True,1.0,False,11111,primary_local_curved_water_route_audited,True
True,False,local_radius,3.4656334769958987,528,9,2,False,5,1,0.0,4.382305623740958,True,2.8632142941377037,2.0906769183679708,7.245519917878662,0.0,,382,9,1,False,False,0.2,False,00001,primary_local_curved_water_route_audited,True
True,False,local_radius,16.619399102226524,541,12,7,False,5,4,0.9517362167478165,0.7635804326952143,True,2.8632142941377037,1.1699628027106648,19.44407875300805,15.81728402617513,,382,9,9,False,False,0.8,False,11101,primary_local_curved_water_route_audited,True
True,False,local_radius,0.7422470502223093,384,3,1,False,5,3,1.872392046532954,0.6495512902964934,True,0.1415152764966486,2.9381646441555525,2.18084404019194,1.389777473398798,,383,3,1,False,False,0.6,False,11100,primary_local_curved_water_route_audited,True
True,False,local_radius,11.69286229461423,516,4,3,False,5,2,3.667657649779365,3.439206322441549,True,0.49394862004530193,4.004029946261338,46.81857078514543,42.88541584265858,,508,6,2,False,False,0.4,False,11000,primary_local_curved_water_route_audited,True
True,False,local_radius,11.767013865249368,552,5,2,False,5,3,1.2701873432565416,0.45854499422713446,True,0.49394862004530193,1.3511334205859278,15.898805693836419,14.946312079563983,,508,6,3,False,False,0.6,False,11100,primary_local_curved_water_route_audited,True
True,False,local_radius,12.53539198624216,590,7,4,False,5,3,5.864187269752503,0.37533048396024554,True,0.49394862004530193,5.933533254701326,74.37916521108437,73.50988610707883,,508,6,4,False,False,0.6,False,00111,primary_local_curved_water_route_audited,True
True,False,local_radius,16.157939490501718,599,3,3,False,5,2,0.8005854873766072,6.573177516548062,True,0.49394862004530193,1.2379634179442829,20.002937998598412,12.935811862005046,,508,6,5,False,False,0.4,False,10001,primary_local_curved_water_route_audited,True
True,False,local_radius,9.37765673171026,552,5,1,False,5,4,3.1734629809475203,0.45854499422713446,True,3.439206322441549,3.589105334701902,33.6573978027845,29.759646486115823,,516,4,2,False,False,0.8,False,11110,primary_local_curved_water_route_audited,True
True,False,local_radius,19.347622513924055,590,7,7,False,5,2,3.406653104136497,0.37533048396024554,True,3.439206322441549,3.6038110135207924,69.72517510112235,65.91063829472056,,516,4,4,False,False,0.4,False,00110,primary_local_curved_water_route_audited,True
True,False,local_radius,4.789728779280501,599,3,1,False,5,3,10.793985185461569,6.573177516548062,True,3.439206322441549,12.884371572745412,61.71264532492226,51.70026148593265,,516,4,1,False,False,0.6,False,11100,primary_local_curved_water_route_audited,True
True,False,local_radius,4.0358839069363945,528,9,3,False,5,4,9.299319972494903,4.382305623740958,True,3.4079331740550325,11.229563502148237,45.32121462024037,37.530975822444375,,527,9,2,False,False,0.8,False,01111,primary_local_curved_water_route_audited,True
True,False,local_radius,16.258750016954956,541,12,6,False,5,3,1.7668640951488563,0.7635804326952143,True,3.4079331740550325,2.0234344712478864,32.898515243708815,28.72700163695857,,527,9,9,False,False,0.6,False,01011,primary_local_curved_water_route_audited,True
True,False,local_radius,18.856434026839878,541,12,10,False,5,5,0.838826896096108,0.7635804326952143,True,4.382305623740958,1.111725051129643,20.963170082611303,15.81728402617513,,528,9,9,False,True,1.0,False,11111,primary_local_curved_water_route_audited,True
True,False,local_radius,12.0931675727591,540,4,4,False,5,1,1.6507996382362897,0.361546656796683,True,0.21907109754142956,1.6988116872585828,20.544014408579667,19.963396654241553,,536,3,3,False,False,0.2,False,10000,primary_local_curved_water_route_audited,True
True,False,local_radius,11.81554228912427,541,12,2,False,5,4,1.341507068091242,0.7635804326952143,True,0.361546656796683,1.4367313973653653,16.97576058368308,15.850633494191182,,540,4,3,False,False,0.8,False,10111,primary_local_curved_water_route_audited,True
True,False,local_radius,11.950952930084455,590,7,2,False,5,3,5.052661248336898,0.37533048396024554,True,0.45854499422713446,5.122436059020676,61.21799222872342,60.38411675053604,,552,5,3,False,False,0.6,False,01110,primary_local_curved_water_route_audited,True
True,False,local_radius,13.33874448762902,599,3,2,False,5,5,1.781363886599315,6.573177516548062,True,0.45854499422713446,2.3085291319713024,30.792880233613218,23.76115772283802,,552,5,4,False,True,1.0,False,11111,primary_local_curved_water_route_audited,True
True,False,local_radius,8.784602589953156,97,5,1,False,5,4,1.2575206598959696,0.5818949757322156,True,1.3605174503765254,1.4786362318548258,12.989231671950478,11.046819245841737,,553,5,1,False,False,0.8,False,01111,primary_local_curved_water_route_audited,True
True,False,local_radius,3.3928552175945845,581,3,1,False,5,3,7.161501162005884,0.5154297249035401,True,0.3496262604530763,7.41646517605241,25.162992568677957,24.29793658332134,,579,2,1,False,False,0.6,False,11100,primary_local_curved_water_route_audited,True
True,False,local_radius,12.232869781314651,97,5,2,False,5,2,1.2902322761879481,0.5818949757322156,True,0.3496262604530763,1.3663813117648789,16.71476465844166,15.78324342225637,,579,2,2,False,False,0.4,False,00011,primary_local_curved_water_route_audited,True
True,False,local_radius,15.119319191331845,97,5,4,False,5,1,2.38694888002955,0.5818949757322156,True,0.5154297249035401,2.4595265329482654,37.18636671119459,36.08904201055883,,581,3,2,False,False,0.2,False,00001,primary_local_curved_water_route_audited,True
